2.668510959715115760e+00,2.533074958160296930e+00,1.022313244299993595e+00,2.145223018303971108e-02,-4.344600053099372250e-01,4.130077751268974029e-01,-6.815946429072344825e-02,-3.563057646419177660e-01,4.244652289326413808e-01,-1.285329820618213992e-03,4.111382839206722539e-01,-5.285543995070832723e-01
2.605790477038209207e+00,2.500523246838292746e+00,1.346319990314434722e+00,1.846285055655585983e-02,-3.317616739662386793e-01,3.132988234096830693e-01,-4.801172550162011166e-02,-2.714103008008226792e-01,3.194220263024427631e-01,-7.053791877109971686e-03,2.692594791473650884e-01,-3.685990158783905013e-01
2.523929625716948344e+00,2.403744387344217248e+00,1.056992712610465901e+00,1.849095157084107433e-02,-3.873434408879784518e-01,3.688524893171373775e-01,-6.199857701701966262e-02,-3.178696614657208208e-01,3.798682384827406500e-01,-1.076569899369758665e-03,3.742821599735478566e-01,-4.774069002414761398e-01
2.574228905001818113e+00,2.447527255966782889e+00,1.042806228783791145e+00,2.083784074606123693e-02,-4.038962189991755491e-01,3.830583782531144510e-01,-6.162959376147952861e-02,-3.309514608340313746e-01,3.925810545955110142e-01,4.435141145896354109e-04,3.770639911312895776e-01,-4.870579547961522149e-01
2.518022711383853363e+00,2.396824540725421837e+00,1.009567101561801739e+00,1.604275607055169472e-02,-3.992258164676127929e-01,3.831830603970610150e-01,-6.974742210672005283e-02,-3.285933821677944344e-01,3.983408042745144595e-01,-1.241192729473737655e-02,3.839935817285563546e-01,-4.919782162694776306e-01
2.640032408464231040e+00,2.510370220890833615e+00,1.045225799637899966e+00,1.885957630853721256e-02,-4.214919697017622813e-01,4.026323933932252075e-01,-6.991058157658769368e-02,-3.463002094333247349e-01,4.162107910099126507e-01,-5.029184165155312081e-03,4.094204010584315823e-01,-5.216654594010732282e-01
2.685429222343040490e+00,2.552067454615725151e+00,1.071700017197977584e+00,2.177181854146750806e-02,-4.256612132214163124e-01,4.038893946799491097e-01,-6.531698702299845727e-02,-3.488465709010197258e-01,4.141635579240183773e-01,2.179142971549738461e-03,4.052803822221167640e-01,-5.194156554947515492e-01
2.607050391093450159e+00,2.482073404558163165e+00,1.075571361371903123e+00,1.868729809581837209e-02,-4.045766990865345414e-01,3.858894009907163358e-01,-6.597141081391191819e-02,-3.322139788133191551e-01,3.981853896272312676e-01,-2.729677484109863106e-03,3.930234556728768869e-01,-5.005081276734689721e-01
2.671450386511856845e+00,2.536529251257560791e+00,1.016063244856505454e+00,1.999096133882982684e-02,-4.373744228037443338e-01,4.173834614649147845e-01,-7.172912493032995718e-02,-3.592136269103273771e-01,4.309427518406573343e-01,-2.420287018956787661e-03,4.291372431548625133e-01,-5.444200223214975543e-01
2.762857841552141203e+00,2.633501627856894345e+00,1.175657853864084945e+00,1.915833561923213635e-02,-4.193613452582113377e-01,4.002030096389792013e-01,-6.879303724253854613e-02,-3.444225697718479862e-01,4.132156070143865323e-01,-8.449392673636951789e-03,3.912907821190461100e-01,-5.065962659910775434e-01
2.790090513371518810e+00,2.649565968623135426e+00,1.068738235562289640e+00,2.106992932766532656e-02,-4.547158939072512562e-01,4.336459645795860407e-01,-7.401788944550657945e-02,-3.733637436829139178e-01,4.473816331284206083e-01,-1.017237640654228281e-03,4.477291735198051237e-01,-5.670887910812913990e-01
2.807481348500300733e+00,2.664934337215024929e+00,1.074705761770801349e+00,2.256562315173582522e-02,-4.573139910276604048e-01,4.347483678759246351e-01,-7.177407720251335888e-02,-3.750534455860985439e-01,4.468275227886119305e-01,1.463669384552446218e-03,4.422647703908512140e-01,-5.636191248562105738e-01
2.770893792464544259e+00,2.633572448313905134e+00,1.090235477835218569e+00,2.071973172541935471e-02,-4.439203308515874413e-01,4.232005991261683642e-01,-7.196969573336409187e-02,-3.644512002297950470e-01,4.364208959631593054e-01,-2.263835229652427783e-03,4.311211428121646261e-01,-5.489960484857006051e-01
2.806373414033261682e+00,2.672116715207558890e+00,1.147406283912816516e+00,1.884463949614811895e-02,-4.386883510343165260e-01,4.198437115381684626e-01,-7.428377859664717087e-02,-3.606818412500851778e-01,4.349656198467325430e-01,-7.670943713153688392e-03,4.273298298975509724e-01,-5.442019508688009655e-01
2.867322945111961729e+00,2.730457478481625788e+00,1.184155668878298595e+00,1.992852095757785547e-02,-4.448374065508234887e-01,4.249088855932456887e-01,-7.373553276183794636e-02,-3.654730976491089578e-01,4.392086304109472095e-01,-4.419542094945605459e-03,4.347487851251021773e-01,-5.525739630026620386e-01
2.873871764458821865e+00,2.732333950074841145e+00,1.144203815950131986e+00,2.158772816545612150e-02,-4.567838636377381523e-01,4.351961354722822528e-01,-7.353629611274870026e-02,-3.749256383895548939e-01,4.484619345023038162e-01,-2.012820080783406240e-04,4.474944690849931850e-01,-5.677546567526312593e-01
2.836177316368483137e+00,2.696873227654374539e+00,1.119439086764582925e+00,1.996377151504513670e-02,-4.538218098350847440e-01,4.338580383200396073e-01,-7.593686596222279372e-02,-3.729730235842612096e-01,4.489098895464840311e-01,-4.800021953816652198e-03,4.469054593314305546e-01,-5.664682844376250914e-01
2.838756505251492257e+00,2.694104198675359996e+00,1.057742540935126430e+00,2.087616804234426748e-02,-4.707621445762298351e-01,4.498859765338857342e-01,-7.844727616740390652e-02,-3.868414994866909984e-01,4.652887756540949882e-01,-3.665516118618677988e-03,4.659594718796216117e-01,-5.893540470295739464e-01
2.842839963623600585e+00,2.705609324897482182e+00,1.169766442726100086e+00,2.128433909287391623e-02,-4.417133013689520382e-01,4.204289622760782885e-01,-7.031736913404593170e-02,-3.624239395361683047e-01,4.327413086702142642e-01,-1.884909694639003153e-03,4.223051979376200582e-01,-5.408877707802116630e-01
2.872783169396654568e+00,2.736698096683377823e+00,1.200191925933957959e+00,1.990231085481897200e-02,-4.420116765447334450e-01,4.221093656899147506e-01,-7.307250443577928412e-02,-3.631191357901893957e-01,4.361916402259686798e-01,-3.866513032528218208e-03,4.325382113527039274e-01,-5.494421714685563396e-01
2.833392741818602900e+00,2.700671255886228472e+00,1.224607851242281775e+00,2.141690551011438126e-02,-4.244461985996528797e-01,4.030292930895386094e-01,-6.569822184101486995e-02,-3.479452430669502383e-01,4.136434649079651638e-01,3.001833285835586729e-04,4.013855537584387623e-01,-5.159660903154809075e-01
2.783802658451856260e+00,2.642893221954604410e+00,1.045346297018018733e+00,2.002106605023284969e-02,-4.596234387291494028e-01,4.396023726789168307e-01,-7.729140767152956060e-02,-3.778049219613287546e-01,4.550963296328585650e-01,-5.437545481408206927e-03,4.530507754924554820e-01,-5.741238687938831076e-01
2.808648659026148131e+00,2.677358166648796889e+00,1.226946546787405445e+00,2.205566148734505738e-02,-4.169917582281663093e-01,3.949360967408213630e-01,-6.257649402708620467e-02,-3.415070366961042714e-01,4.040835307231906981e-01,-2.636095355393330841e-04,3.804946370752124718e-01,-4.959032995578478431e-01
2.746520125083387054e+00,2.615699876899999055e+00,1.132729186334004767e+00,1.860461136287097639e-02,-4.266576920022146502e-01,4.080530806393439236e-01,-7.170994981846626204e-02,-3.507011788367281890e-01,4.224111286551944233e-01,-8.968951406839828500e-03,4.073482251186538172e-01,-5.228502686721927528e-01
2.771281495404609885e+00,2.632090027366702500e+00,1.079572371207683013e+00,2.205917901354687016e-02,-4.464669599177283343e-01,4.244077809041815752e-01,-7.001584403705593540e-02,-3.661482668884718517e-01,4.361641109255280924e-01,8.820682180570721398e-04,4.296246190151224997e-01,-5.485964120656642296e-01
2.769461664927903133e+00,2.637263004271571454e+00,1.177215109092474954e+00,2.224364649154866869e-02,-4.197589706118187713e-01,3.975153241202702414e-01,-6.291105716065642506e-02,-3.437598986283122438e-01,4.066709557889686133e-01,1.439834420524796488e-03,3.881709823981962515e-01,-5.031106522820024685e-01
2.746142542352443705e+00,2.610111233943509301e+00,1.064554069060581698e+00,1.903182699405869815e-02,-4.446918056553957888e-01,4.256599786613372016e-01,-7.543744353868406249e-02,-3.656405792561293611e-01,4.410780227948135068e-01,-6.014712372667582740e-03,4.398418748168802517e-01,-5.567687006797972238e-01
2.771275307000115262e+00,2.639988563325159188e+00,1.187555741367377182e+00,2.187080636884958240e-02,-4.175895276085618280e-01,3.957187212397120790e-01,-6.308594028592251490e-02,-3.420664151734732483e-01,4.051523554593958742e-01,-1.664869659907836086e-03,3.789620814419271677e-01,-4.951189523956796013e-01
2.610383556435876606e+00,2.497565538406455676e+00,1.261612010080916058e+00,1.988010955837762883e-02,-3.552513193164492655e-01,3.353712097580718865e-01,-5.119772442111300559e-02,-2.905914113761922102e-01,3.417891357973053545e-01,2.397188010540146630e-03,3.199533568257060812e-01,-4.188059547730533794e-01
2.550336366496881446e+00,2.433110444475421907e+00,1.107146343240589470e+00,1.693049856400571929e-02,-3.814632867704149666e-01,3.645327882064091640e-01,-6.353882818448314262e-02,-3.134569245472625387e-01,3.769957527317457369e-01,-1.101082597532243579e-02,3.507926496479865097e-01,-4.571020986521271978e-01
2.644342464198127018e+00,2.519474401920742679e+00,1.078924166355039738e+00,1.552046131263828954e-02,-4.146505212820389419e-01,3.991300599694009854e-01,-7.465681857701342294e-02,-3.416574639361320553e-01,4.163142825131455615e-01,-1.562061895311692150e-02,4.032946259716924109e-01,-5.148804887003690656e-01
2.685753757986704571e+00,2.554920856999562950e+00,1.069935869447333987e+00,1.843931181191796331e-02,-4.272519554205929104e-01,4.088126436086751414e-01,-7.218059206002835904e-02,-3.512513189713701856e-01,4.234319110313985446e-01,-6.950579365038747626e-03,4.168961161334774346e-01,-5.305180532306852381e-01
2.612155771607088450e+00,2.493819976312747322e+00,1.172148918632124559e+00,1.859550901420900515e-02,-3.800952028380553127e-01,3.614996938238465019e-01,-5.996475414799631865e-02,-3.117761421620379725e-01,3.717408963100343189e-01,-1.721726856699981600e-03,3.597521193995247279e-01,-4.625345299768583440e-01
2.617610043621072968e+00,2.491030371829116685e+00,1.056633605446802626e+00,1.804646344005603198e-02,-4.126787807927698726e-01,3.946323173527138128e-01,-6.926077953507756013e-02,-3.391943078566854730e-01,4.084550873917631164e-01,-5.540022907358985171e-03,4.037696684743194986e-01,-5.131576101899002484e-01
2.642226017547260497e+00,2.513900340095052144e+00,1.040358462027212161e+00,1.656627676137464866e-02,-4.240934940153648913e-01,4.075272172539904370e-01,-7.501450847118207310e-02,-3.492148349924232287e-01,4.242293434636054683e-01,-1.323851749659708810e-02,4.133578651982470209e-01,-5.269837832014254708e-01
2.755936015678262851e+00,2.634769659788436247e+00,1.246775800406233259e+00,1.594024513916175723e-02,-3.994463319214685004e-01,3.835060867823066877e-01,-7.000189891299857248e-02,-3.288108039856273979e-01,3.988127028986260814e-01,-1.064678599063195730e-02,3.913860291314984474e-01,-4.977808557262896616e-01
2.738713297819248105e+00,2.598534287373543084e+00,1.017645619326338569e+00,2.066549818887231105e-02,-4.547647671800941760e-01,4.340992689912220870e-01,-7.481442965236681508e-02,-3.735350441299446489e-01,4.483494737823116583e-01,-1.657973211790994550e-03,4.504631678796925387e-01,-5.693733399578921883e-01
2.782692789058361260e+00,2.643988035001325176e+00,1.057686210966416240e+00,1.847968995136434200e-02,-4.564964835689955813e-01,4.380167936176311283e-01,-7.949019530789838694e-02,-3.756878089066147952e-01,4.551780042145133209e-01,-1.137146860970061901e-02,4.468133648436696248e-01,-5.684038763589549514e-01
2.797129678174800738e+00,2.656495405072683447e+00,1.070265564081597898e+00,2.071413589768605901e-02,-4.563028688586936998e-01,4.355887329610078629e-01,-7.510868375542870123e-02,-3.748052672821549081e-01,4.499139510375835815e-01,-2.066304916059441554e-03,4.509051406608775014e-01,-5.704820681873099542e-01
2.826212241103575273e+00,2.682152927769946071e+00,1.064502661922085425e+00,2.186267254157864270e-02,-4.652843246146702305e-01,4.434216520730918654e-01,-7.515060615012497669e-02,-3.819436624688865578e-01,4.570942686190115345e-01,-9.540491224886149535e-04,4.548415335877792898e-01,-5.776251176758451233e-01
2.800897376644547077e+00,2.663606054411272073e+00,1.123643236630831765e+00,2.098643256482024544e-02,-4.429256674855571174e-01,4.219392349207369830e-01,-7.120128498154748575e-02,-3.635336060427012961e-01,4.347348910242487818e-01,-1.671072836016085361e-03,4.283998184961149702e-01,-5.462926653750179717e-01
2.823543723618012535e+00,2.678401683950002443e+00,1.041669484041604532e+00,2.140856761562398569e-02,-4.708279296361881361e-01,4.494193620205642059e-01,-7.743157020513746769e-02,-3.867247842008446623e-01,4.641563544059822966e-01,-2.130347791319486817e-03,4.648498275188765461e-01,-5.883148137731067928e-01
2.844915054466213622e+00,2.700057018609759218e+00,1.079301818467392371e+00,2.250763632311264528e-02,-4.661307538179255139e-01,4.436231174948132017e-01,-7.411384790186684168e-02,-3.824432895497129614e-01,4.565571374515798309e-01,2.350012644016519214e-04,4.524581448074919132e-01,-5.759672765720801335e-01
2.811318245994511855e+00,2.665954889959937901e+00,1.020593092818728786e+00,2.089335720673507479e-02,-4.733589314426857042e-01,4.524655742359507959e-01,-7.906995938650387967e-02,-3.890069658770916039e-01,4.680769252635956779e-01,-4.265456827301478127e-03,4.677689164369274732e-01,-5.920654580046346149e-01
2.853220506198812068e+00,2.703900306202422499e+00,1.033347261792459060e+00,2.321233560572721899e-02,-4.804516445351976750e-01,4.572393089294704005e-01,-7.636524705709085703e-02,-3.941888011233079525e-01,4.705540481803989206e-01,1.044264740941963643e-03,4.688572795175769414e-01,-5.955650461728347889e-01
2.845602347342735428e+00,2.703052217186955097e+00,1.074375101627338847e+00,1.913513942182892835e-02,-4.686784773604041887e-01,4.495433379385758155e-01,-8.129675137882219627e-02,-3.856610075805358973e-01,4.669577589593582045e-01,-1.080722995095387273e-02,4.596905564825042312e-01,-5.842316938333165233e-01
2.909999717562000932e+00,2.761820812150205917e+00,1.086358868327476968e+00,2.145603692332204160e-02,-4.820045719097514891e-01,4.605485349864297806e-01,-8.016302540198178006e-02,-3.960535625576233620e-01,4.762165879596053086e-01,-2.967779330280945205e-03,4.787250479676320447e-01,-6.046449744323780795e-01
2.913834378842819373e+00,2.766283907600020520e+00,1.095090960312998352e+00,2.111167504145677887e-02,-4.807988552444825148e-01,4.596871802030257914e-01,-8.052615039435201405e-02,-3.951566051143956537e-01,4.756827555087476678e-01,-4.630327610477380507e-03,4.754360427359590746e-01,-6.016583957453111031e-01
2.920953282410671203e+00,2.773324670439733630e+00,1.110915523051597464e+00,2.198644154543588636e-02,-4.781955272018568182e-01,4.562090856564211538e-01,-7.817230909283831575e-02,-3.926979889227584231e-01,4.708702980155968221e-01,-4.086309262891302252e-03,4.628911355577581821e-01,-5.903668086146620642e-01
2.924846763784846537e+00,2.781181774045642818e+00,1.181685450337817356e+00,2.302879158675424920e-02,-4.599535333019176275e-01,4.369247417151636559e-01,-7.154280590872724721e-02,-3.771108160566981060e-01,4.486536219654253532e-01,1.676814342357474397e-03,4.415606896606252274e-01,-5.642439208384693039e-01
2.957694469618093791e+00,2.816222162311816213e+00,1.212839058042619822e+00,2.014974676343400661e-02,-4.612982450957047731e-01,4.411484983322708775e-01,-7.746499307909682219e-02,-3.791636191651307497e-01,4.566286122442274609e-01,-4.954968596797171276e-03,4.557057171963377895e-01,-5.769591078556973729e-01
3.019068831667949926e+00,2.869423187644243090e+00,1.190878972363565769e+00,2.287438340548741955e-02,-4.827846375555328029e-01,4.599102541500456054e-01,-7.760990990694208169e-02,-3.962482692647304461e-01,4.738581791716726666e-01,6.718023421401486672e-04,4.752101420648593422e-01,-6.017610269649299459e-01
3.016236806949676996e+00,2.861379388499762477e+00,1.122352399734614981e+00,2.349031870428702762e-02,-5.001968675706645051e-01,4.767065488663776995e-01,-8.081437212964487360e-02,-4.106068843633597920e-01,4.914212564930046101e-01,-2.455179339019286644e-04,4.917036790207053309e-01,-6.230599162377993272e-01
3.002534384459332628e+00,2.849453864671777303e+00,1.130580540682686319e+00,2.323858559597336004e-02,-4.943984773025495993e-01,4.711598917065762948e-01,-7.983766575108117158e-02,-4.058404055817345646e-01,4.856780713328159860e-01,-4.185181771029777842e-04,4.851786993408654380e-01,-6.151984588343649696e-01
3.045158870766466741e+00,2.892927724673895362e+00,1.175262553639883745e+00,2.236572120263929930e-02,-4.941172298814212605e-01,4.717515086787820167e-01,-8.145910320288510253e-02,-4.058867959332174147e-01,4.873458991361024339e-01,-4.193199624457605301e-03,4.825684747066737446e-01,-6.134301841842991765e-01
3.028318949579772656e+00,2.875576768554128915e+00,1.150036971841304823e+00,2.225248031787718794e-02,-4.963991977220558738e-01,4.741467174041789079e-01,-8.225515967877844448e-02,-4.078311293206903221e-01,4.900862889994688221e-01,-4.768312520674972133e-03,4.855166927610913286e-01,-6.169045007875910702e-01
3.020692341940555359e+00,2.864760722761358291e+00,1.100292827891621528e+00,2.245840878290378262e-02,-5.076208430748191391e-01,4.851624342919156341e-01,-8.469073083337938512e-02,-4.171464243289254581e-01,5.018371551623050930e-01,-4.330285075063694533e-03,5.018096788605208580e-01,-6.350371334860983596e-01
3.052145660204549138e+00,2.897554843863599849e+00,1.149615502237543163e+00,2.238645385495152684e-02,-5.028550264755889954e-01,4.804685726206375240e-01,-8.362628768391294765e-02,-4.131852319433390597e-01,4.968115196272521183e-01,-5.033642587899012089e-03,4.929948301049695836e-01,-6.258822491906660401e-01
3.034871209633516198e+00,2.884188910936201111e+00,1.173650048558136927e+00,2.121376249792872315e-02,-4.921491460869062418e-01,4.709353835889776851e-01,-8.319556873771288830e-02,-4.046129442218745487e-01,4.878085129595876590e-01,-7.004074007388838563e-03,4.838489029054062196e-01,-6.138831520439270717e-01
3.049106813066050137e+00,2.895726759450694132e+00,1.166283176033471092e+00,2.264035997567909186e-02,-4.974961212784336229e-01,4.748557613027546975e-01,-8.178016969375975775e-02,-4.086230959557102249e-01,4.904032656494701214e-01,-3.014456492246242458e-03,4.884261204374719112e-01,-6.195267423002774887e-01
3.101550785873675498e+00,2.948701340138579319e+00,1.225679787353010086e+00,2.260125941118185100e-02,-4.956452651606580995e-01,4.730440057494763595e-01,-8.138841346403216659e-02,-4.070883224611085982e-01,4.884767359251406260e-01,-2.995297712320960093e-03,4.861020000894161752e-01,-6.168155567666810946e-01
3.115003599989101257e+00,2.957644874702136661e+00,1.183031531165699368e+00,2.320013404816967384e-02,-5.104922091852706068e-01,4.872920751371010439e-01,-8.397790120692349980e-02,-4.193077656272850007e-01,5.032856668342087225e-01,-2.663574101627985691e-03,5.029812154887234321e-01,-6.370956299162930936e-01
3.133149163140773741e+00,2.979065104074226866e+00,1.255432032359552030e+00,2.397224942196152231e-02,-4.957157490234349040e-01,4.717434996014734372e-01,-7.874786431484689930e-02,-4.067050662229552138e-01,4.854529305378022519e-01,1.102137981841583292e-03,4.835694599415208961e-01,-6.143366334384607885e-01
3.101847636661811070e+00,2.952759981037085701e+00,1.284204851747136722e+00,2.312226307555442784e-02,-4.798818632534739281e-01,4.567596001779195003e-01,-7.639595710288693553e-02,-3.937414937427123895e-01,4.701374508455994916e-01,-1.715224671367893139e-03,4.599121820012783135e-01,-5.884784611656600495e-01
3.092152819711146527e+00,2.936174272061560675e+00,1.190546159458596431e+00,2.419529859424729423e-02,-5.020479174987615423e-01,4.778526189045146366e-01,-7.991503463800367357e-02,-4.119270548224161499e-01,4.918420894604200733e-01,6.414317252047829765e-04,4.891580166738247470e-01,-6.217698803578642908e-01
3.098650559693256312e+00,2.939545214437258913e+00,1.156780187125065584e+00,2.448887803853311285e-02,-5.127457129018402338e-01,4.882568348633073985e-01,-8.204831263996545387e-02,-4.207761218525810643e-01,5.028244344925467679e-01,4.736924589957558496e-04,5.016039783100707528e-01,-6.366576848991326587e-01
3.132149230845537424e+00,2.974742428744538092e+00,1.189275595658309426e+00,2.228625378457749218e-02,-5.136960306262761122e-01,4.914097768416989531e-01,-8.655928384271147080e-02,-4.222810319329693418e-01,5.088403157756807849e-01,-6.008694044521561972e-03,5.076428849989836900e-01,-6.426924341793489592e-01
3.162963225688090851e+00,2.999685928519024269e+00,1.156156891787547769e+00,2.387901074105597266e-02,-5.303339448991021277e-01,5.064549341580465436e-01,-8.767407350001005240e-02,-4.356772374408781623e-01,5.233513109408884922e-01,-3.400567766872419906e-03,5.230682099902010940e-01,-6.623628879269778391e-01
3.191402535855756284e+00,3.028885473927067640e+00,1.193030986403765592e+00,2.368662978723001800e-02,-5.281333740920433062e-01,5.044467443048133992e-01,-8.749118191408469802e-02,-4.338995267572647863e-01,5.213907086713494010e-01,-3.474101562825904210e-03,5.217102402258194660e-01,-6.602744954638681829e-01
3.192354749004952641e+00,3.026272235893353812e+00,1.160601525221379271e+00,2.514058054969076084e-02,-5.366281128397303313e-01,5.114875322900396259e-01,-8.681794826204616844e-02,-4.405325036644353043e-01,5.273504519264816670e-01,-3.790253835607437782e-04,5.278501244431925699e-01,-6.687203617553464374e-01
3.176362111240742525e+00,3.020605088566052476e+00,1.290155452134186698e+00,2.529519039726479956e-02,-4.975811919200825439e-01,4.722860015228178554e-01,-7.665393382284160784e-02,-4.078379596694596820e-01,4.844918934923013731e-01,6.743224848677897842e-04,4.693923687245691312e-01,-6.039090728000520159e-01
3.043387919781903150e+00,2.896717768033734153e+00,1.246416814551092322e+00,2.196116726978142308e-02,-4.747021476685138186e-01,4.527409803987325621e-01,-7.733880128498668571e-02,-3.897855454005189069e-01,4.671243466855059534e-01,-3.731716991899919345e-03,4.589848824076221412e-01,-5.855959149060268043e-01
3.100886364974753562e+00,2.944910477613772670e+00,1.177803331778936702e+00,2.227379688800273927e-02,-5.083970089821648886e-01,4.861232120941623713e-01,-8.524477288927298502e-02,-4.178548704902400601e-01,5.030996433795131839e-01,-6.085939616349844705e-03,4.993760751876213377e-01,-6.336563830875713288e-01
3.124991961455362954e+00,2.962690319989998322e+00,1.148035111726225077e+00,2.533132691482320453e-02,-5.218864515329308951e-01,4.965551246181080236e-01,-8.272397926744728958e-02,-4.281464054783993278e-01,5.108703847458466729e-01,1.077917049085969081e-03,5.077213916003178173e-01,-6.456781284680543909e-01
3.182143036315826734e+00,3.022012479095491866e+00,1.207991338831279293e+00,2.288100743769705403e-02,-5.218929447389717424e-01,4.990119373012750215e-01,-8.747679890665233104e-02,-4.289421319356103157e-01,5.164189308422628688e-01,-5.102865192286087925e-03,5.162323521227730749e-01,-6.532199143674183306e-01
3.186655065983427626e+00,3.020880455713989665e+00,1.152531307444834452e+00,2.454581657503179803e-02,-5.374473163271444864e-01,5.129014997521129660e-01,-8.817814921084879409e-02,-4.414092165831901005e-01,5.295873657940390888e-01,-2.789621347617315950e-03,5.281621225191004410e-01,-6.696324455019743160e-01
3.169166121391160829e+00,3.009504235527963090e+00,1.212345241620635727e+00,2.384589853561613904e-02,-5.169506277836776187e-01,4.931047292480619237e-01,-8.435731876602620138e-02,-4.244989662827483579e-01,5.088562850487745592e-01,-2.699820925244816872e-03,5.051735876863918673e-01,-6.418210108203151743e-01
3.174213205300306484e+00,3.014893525442983169e+00,1.219457061454567226e+00,2.360460324329871629e-02,-5.164720404833075262e-01,4.928674372400088655e-01,-8.470428822648681799e-02,-4.241766741142514174e-01,5.088809623407383187e-01,-2.401793677488578416e-03,5.082744547270555691e-01,-6.440450656577634270e-01
3.204674408649371031e+00,3.059949705657796670e+00,1.394505392113568165e+00,1.836220617675465849e-02,-4.793520397818585299e-01,4.609898336051041490e-01,-8.549187990779455459e-02,-3.948337956879183208e-01,4.803256755957128754e-01,-1.740759793234847308e-02,4.634141393028484712e-01,-5.928977092548728400e-01
3.249302750310514742e+00,3.095503278711405848e+00,1.351044466685236589e+00,2.178355602067999497e-02,-5.018969184346546708e-01,4.801133624139747313e-01,-8.455326703413582057e-02,-4.125786697338702513e-01,4.971319367680059331e-01,-8.433262525991941372e-03,4.873935196397153335e-01,-6.213667910897291424e-01
3.296989906738562404e+00,3.139225543187209588e+00,1.366845616917746087e+00,2.386800555479445807e-02,-5.097958171142991102e-01,4.859278115595045966e-01,-8.250696968484508287e-02,-4.185101483560956237e-01,5.010171180409408453e-01,-4.066844049176954190e-03,4.893727675634071961e-01,-6.260611781248318630e-01
3.313132021742743127e+00,3.148755674257024406e+00,1.298646911773259749e+00,2.456040733281844579e-02,-5.321806419064430971e-01,5.076202345736247068e-01,-8.681936446189425505e-02,-4.370013749823937754e-01,5.238207394442881970e-01,-9.992839501260786239e-04,5.258060709825327361e-01,-6.651156755783564911e-01
3.315722788517318165e+00,3.147061088758585257e+00,1.249928445540652522e+00,2.530870228704645841e-02,-5.456973861904066414e-01,5.203886839033600165e-01,-8.878308400557641256e-02,-4.480605293871687822e-01,5.368436133927450005e-01,-5.895313122958600882e-04,5.391298255993854927e-01,-6.819323057224481177e-01
3.315189540961380743e+00,3.159149450947870807e+00,1.392260671273060968e+00,2.236743540418795195e-02,-5.083267291370948682e-01,4.859592937329070828e-01,-8.504545299050780827e-02,-4.177659128349788253e-01,5.028113658254868001e-01,-5.398434403343810306e-03,5.004365678082406399e-01,-6.343904219108992271e-01
3.326318153425907198e+00,3.188513664368283429e+00,1.627732746396678198e+00,1.971958886178321047e-02,-4.490333260617009326e-01,4.293137371999178886e-01,-7.520064676979118512e-02,-3.690484289501801962e-01,4.442490757199714646e-01,-7.149405296508343222e-03,4.346435834200385040e-01,-5.547422070355116919e-01
3.351942140978872331e+00,3.182671313393335311e+00,1.280992348509808032e+00,2.560600144365648978e-02,-5.469868000393398599e-01,5.213807985956837587e-01,-8.853235782066637416e-02,-4.490426398591123580e-01,5.375749976797788987e-01,2.981966793790258308e-04,5.405396445377075310e-01,-6.835467689821268511e-01
3.352398952192344073e+00,3.172830766243464051e+00,1.155992295649844070e+00,2.721073450443067809e-02,-5.801063593158446441e-01,5.528956248114138550e-01,-9.378760003579472704e-02,-4.762142508512522965e-01,5.700018508870471345e-01,3.574244945606652735e-04,5.727632719638222625e-01,-7.245257895314910490e-01
3.367157597384304868e+00,3.191749824584133588e+00,1.204253956338201537e+00,2.502747873603311524e-02,-5.718047550551590419e-01,5.467772763191260932e-01,-9.592374960391780725e-02,-4.699779632157721210e-01,5.659017128196900392e-01,-6.133593773302137286e-03,5.643004677747827103e-01,-7.147144273303236428e-01
3.403807196435678417e+00,3.227617427498612024e+00,1.254145813013001654e+00,2.718304591949161075e-02,-5.675895680114098063e-01,5.404065220919181955e-01,-9.067923489472076715e-02,-4.657586782220031196e-01,5.564379131167240811e-01,1.667348353301956188e-04,5.531885410817616311e-01,-7.031445833562174341e-01
3.383432929448441762e+00,3.209712987672750373e+00,1.269212627872000620e+00,2.727600885529890551e-02,-5.580643959193881676e-01,5.307883870640892621e-01,-8.809268353914972982e-02,-4.577652969469760968e-01,5.458579804861258822e-01,-2.514907618925699140e-04,5.360409514734673087e-01,-6.851059332407547497e-01
3.339355414472160444e+00,3.173476706849293727e+00,1.292175265854256239e+00,2.350916571973582503e-02,-5.412665063958127520e-01,5.177573406760769270e-01,-9.115304196747969767e-02,-4.449365509613548708e-01,5.360895929288347350e-01,-7.620214922065882135e-03,5.303059773661664700e-01,-6.736751982361708357e-01
3.408931111441453332e+00,3.239203239741642371e+00,1.321225021867270755e+00,2.467795996976157591e-02,-5.517637733480917905e-01,5.270858133783302701e-01,-9.153861646682212583e-02,-4.533356870204842681e-01,5.448743034873066993e-01,-6.508291220662654197e-03,5.363356292750383059e-01,-6.831886300980881677e-01
3.360413026686468019e+00,3.200934915573690809e+00,1.379674652328683582e+00,2.148105518049886475e-02,-5.240909862237479455e-01,5.026099310432491363e-01,-9.074659200521359437e-02,-4.312313008733003605e-01,5.219778928785142602e-01,-1.222058198894876435e-02,5.126044435253811482e-01,-6.521741519638108997e-01
3.353028167470985643e+00,3.187620502126210731e+00,1.292057699638123891e+00,2.169147951594646573e-02,-5.455240053614895945e-01,5.238325258455430733e-01,-9.575309314792052051e-02,-4.490822340456001038e-01,5.448353271935206799e-01,-1.611941875889555398e-02,5.302133168146418996e-01,-6.765665827789341114e-01
3.391498321862367327e+00,3.216383041425789457e+00,1.245574135542268257e+00,2.618015700936560108e-02,-5.668984839744803939e-01,5.407183269651151258e-01,-9.244925546325338805e-02,-4.655043665362056382e-01,5.579536219994588597e-01,-2.173941985639610275e-03,5.562295398470100682e-01,-7.055363218244378176e-01
3.407296872073661387e+00,3.242505878741432035e+00,1.358871707570533660e+00,2.204483038714061260e-02,-5.420531743254628498e-01,5.200083439383224038e-01,-9.419112597415335575e-02,-4.460665245003045398e-01,5.402576504744579511e-01,-1.419554660158689474e-02,5.270609076537285942e-01,-6.722225352441915103e-01
3.467217646566543188e+00,3.290789576303978059e+00,1.303433290913350140e+00,2.621808380295104213e-02,-5.716723673331922662e-01,5.454542835302412795e-01,-9.358171716620969360e-02,-4.694832780762457913e-01,5.630649952424559013e-01,-2.625065767091011582e-03,5.616382801512840306e-01,-7.121085094117260983e-01
3.488649399464974543e+00,3.310744923205990897e+00,1.320553355539840545e+00,2.766965340320265421e-02,-5.723785635263661797e-01,5.447089101231635810e-01,-9.094552064730213048e-02,-4.696055117711708804e-01,5.605510324184732607e-01,-6.204763148967562536e-04,5.522061991252282809e-01,-7.046534593470142882e-01
3.481787279446691752e+00,3.305173586431841670e+00,1.303672371126947560e+00,2.516904831244332064e-02,-5.758368000576075119e-01,5.506677517451641357e-01,-9.666784067892758570e-02,-4.733032425509834384e-01,5.699710832299113017e-01,-7.822854771119325257e-03,5.632448242640968328e-01,-7.159238915541756842e-01
3.502386013978335377e+00,3.329094896759623001e+00,1.370388426645042790e+00,2.515474072318357734e-02,-5.634841279257237767e-01,5.383293872025400884e-01,-9.357499032661539817e-02,-4.629805639003910511e-01,5.565555542270066436e-01,-5.711752090877708632e-03,5.513822009660394041e-01,-7.005112992204423072e-01
3.503714234561956964e+00,3.334209737391349293e+00,1.408791386625028341e+00,2.375550341397120180e-02,-5.539829069749845347e-01,5.302274035610134995e-01,-9.388787188602393252e-02,-4.554884837951466148e-01,5.493763556811707138e-01,-8.399978477075881189e-03,5.443926112524173355e-01,-6.908751854567354300e-01
3.558384055421232262e+00,3.379835131498702516e+00,1.358628541655787281e+00,2.564364741875729825e-02,-5.814885413359816013e-01,5.558448939172244696e-01,-9.717536180403715806e-02,-4.778752366850422817e-01,5.750505984890794675e-01,-6.211014873025083594e-03,5.716720925286553623e-01,-7.250681873013429257e-01
3.595093289748091614e+00,3.426453663937945038e+00,1.528221459021457562e+00,2.518500459701111804e-02,-5.460243703613545385e-01,5.208393657643439756e-01,-8.910553867311984955e-02,-4.483737963454454967e-01,5.374793350185654850e-01,-2.497126255968512565e-03,5.347820009011712283e-01,-6.788325954627711933e-01
3.585623250390504335e+00,3.413263123131977217e+00,1.459595990464347404e+00,2.452982158136424173e-02,-5.620777341737983601e-01,5.375479125924338408e-01,-9.443142093803127968e-02,-4.620063206658758248e-01,5.564377416039072433e-01,-6.595410799852735595e-03,5.536772621189558485e-01,-7.018049218156809932e-01
3.614861379001913733e+00,3.430492005761304863e+00,1.354625599546096071e+00,2.748250549482184057e-02,-5.971252350169959922e-01,5.696427295221740961e-01,-9.756002713021155737e-02,-4.903550099182480970e-01,5.879150370484599319e-01,-3.722649561343827074e-03,5.822514009074948316e-01,-7.404179690253654966e-01
3.582550436767761859e+00,3.401389117012839414e+00,1.353616550454706857e+00,2.628740495721820780e-02,-5.891076834209967306e-01,5.628202784637786893e-01,-9.785189852473633043e-02,-4.840374926369344633e-01,5.818893911616709325e-01,-7.926759184007731163e-03,5.701171009474507168e-01,-7.275300604216257128e-01
3.604786794266919614e+00,3.428541892783882439e+00,1.476831233224603412e+00,2.919031759968698791e-02,-5.611524584143394723e-01,5.319621408146524288e-01,-8.516095275092741557e-02,-4.597296128759652545e-01,5.448905656268926423e-01,-5.207406486239518628e-04,5.172827160654033252e-01,-6.715584650479751172e-01
3.401181039545368101e+00,3.240905326889094606e+00,1.416773252518921167e+00,2.214554628825143867e-02,-5.248686081207775134e-01,5.027230618325262412e-01,-8.965458775278059567e-02,-4.316671043679392028e-01,5.213216921207198817e-01,-1.031313007912670887e-02,5.122618415278116233e-01,-6.520311778134120217e-01
3.457011419026331467e+00,3.286990177033865201e+00,1.352762798129679478e+00,2.356539827942794041e-02,-5.565405590416636628e-01,5.329751607622357223e-01,-9.490261315642981033e-02,-4.576880903594775507e-01,5.525907035159074443e-01,-1.406603695260782994e-02,5.318256040775813931e-01,-6.826749003431134000e-01
3.515761918173454514e+00,3.336875168900515387e+00,1.333944730441508186e+00,2.766609453410867614e-02,-5.760562340465625875e-01,5.483901395124539668e-01,-9.188149253451347032e-02,-4.726813289228534720e-01,5.645628214573668036e-01,-1.101928514539107784e-03,5.563170803541228615e-01,-7.096877217479926614e-01
3.446255853332136354e+00,3.281720115166458118e+00,1.396632726742687902e+00,2.162029097912165909e-02,-5.425055202490229878e-01,5.208852292699017728e-01,-9.512858344232857921e-02,-4.465816285772665761e-01,5.417102120195952386e-01,-1.796304461115377782e-02,5.203059990855856132e-01,-6.674765615402984409e-01
3.469472250390992940e+00,3.307451412921722955e+00,1.522873537368256702e+00,2.769348139275651377e-02,-5.130211601797944887e-01,4.853276787870380860e-01,-7.590415873047681727e-02,-4.199728300677000314e-01,4.958769887981770985e-01,-6.029043528736344193e-04,4.605960734462590800e-01,-6.041231664409179025e-01
3.417043613443168759e+00,3.252148183362070011e+00,1.366707454061623750e+00,2.200406829332279823e-02,-5.425778356955928139e-01,5.205737674022699046e-01,-9.440270637489120431e-02,-4.465183078535783778e-01,5.409210142284697209e-01,-1.406510499897237199e-02,5.287820496735632370e-01,-6.738243542033097722e-01
3.524122031708301961e+00,3.350551118518498406e+00,1.378175025770862483e+00,2.425689983318402021e-02,-5.674996563137122418e-01,5.432427564805284437e-01,-9.633032995628626471e-02,-4.666272742430684906e-01,5.629576041993546998e-01,-9.843755891084354781e-03,5.544999220345984137e-01,-7.053400411589657582e-01
3.613996371533384711e+00,3.434565757135533026e+00,1.416379571059134923e+00,2.693150746864669820e-02,-5.805170095506140271e-01,5.535855020819674399e-01,-9.443276286130758423e-02,-4.766476283986354479e-01,5.710803912599431431e-01,-4.294633517928331257e-03,5.612996351683975371e-01,-7.161006681249562078e-01
3.651337339348952327e+00,3.465095490121946398e+00,1.372989346237562192e+00,2.819417965983450625e-02,-6.017581952861905670e-01,5.735640156263563938e-01,-9.735048929340217594e-02,-4.939988017776618667e-01,5.913492910710644868e-01,-1.595567690130250682e-03,5.880137577318311770e-01,-7.469021057463419710e-01
3.631028032266495398e+00,3.450806492343788001e+00,1.417373660689476234e+00,2.648301414138626297e-02,-5.849530280945309801e-01,5.584700139531448837e-01,-9.642304205720014787e-02,-4.805009567473718102e-01,5.769239988045720136e-01,-6.142500044599208397e-03,5.673138879929583434e-01,-7.231675264038780471e-01
3.616801944457809448e+00,3.433588524954609866e+00,1.333370918113647496e+00,2.397276357776084721e-02,-6.044263006172516661e-01,5.804535370394906524e-01,-1.062098619064995586e-01,-4.975909641007307815e-01,6.038008260072303957e-01,-1.822744173818430236e-02,5.869648954468436042e-01,-7.492638300601259793e-01
3.709782590122283175e+00,3.521996968644322656e+00,1.408399954028366263e+00,2.805728715675753770e-02,-6.079726639591500614e-01,5.799153768023929123e-01,-9.918585406537838711e-02,-4.992384804185411307e-01,5.984243344839196288e-01,-4.739730698870181502e-03,5.887939330343587852e-01,-7.507551218748643729e-01
3.728268102865324618e+00,3.537145427329306369e+00,1.379397292978360223e+00,2.796716631489115645e-02,-6.207249652625377312e-01,5.927577989476470188e-01,-1.025821478524745478e-01,-5.099289450638869736e-01,6.125110929163616325e-01,-4.573455573217977133e-03,6.100426226452211331e-01,-7.735859155808029186e-01
3.716240817764093762e+00,3.530353629621997946e+00,1.415076402918769460e+00,2.571509467112476077e-02,-6.086388686288488614e-01,5.829237739577244337e-01,-1.038956745910109558e-01,-5.005508761540926610e-01,6.044465507451034503e-01,-1.197895545554600316e-02,5.935400283809521005e-01,-7.557154365419316289e-01
3.736105979716287884e+00,3.549597580625685644e+00,1.456057956652053953e+00,2.837393165340734713e-02,-6.021581014788029984e-01,5.737841698253955958e-01,-9.710297572737919269e-02,-4.942751630827735831e-01,5.913781388101529979e-01,-1.504673242477300166e-03,5.868061139093190270e-01,-7.461095007867677431e-01
3.720828187446937108e+00,3.533631040234360476e+00,1.422142358995474920e+00,2.756608434761786963e-02,-6.074020352072670992e-01,5.798359508596495626e-01,-9.999414323880606581e-02,-4.989198404734727088e-01,5.989139837122788856e-01,-6.316390890489603782e-03,5.885021805073108458e-01,-7.504467458503274457e-01
3.755150355787634009e+00,3.564606223782931238e+00,1.407518486012515613e+00,2.735810603128452367e-02,-6.205814361676569302e-01,5.932233301363728506e-01,-1.037268591588197397e-01,-5.100053887103516148e-01,6.137322478691714656e-01,-7.068432238847399685e-03,6.087620881614896895e-01,-7.727922203813296642e-01
3.742816633660701164e+00,3.556726338028769696e+00,1.478420224622064794e+00,2.925174964934812438e-02,-5.976926663072583690e-01,5.684409166579106332e-01,-9.427280290380340988e-02,-4.902587718927743365e-01,5.845315747965779130e-01,-5.043902062288635468e-03,5.578451429246836790e-01,-7.213209411245109504e-01
3.680395121185287888e+00,3.510736858123022941e+00,1.615528233074783770e+00,2.663128084176130672e-02,-5.450396681790758979e-01,5.184083873373148688e-01,-8.605244292271979623e-02,-4.470840833778139123e-01,5.331365263005337640e-01,-2.001981995199214603e-03,5.178138040502476835e-01,-6.647539337493405531e-01
3.465402709012333826e+00,3.331357806105534003e+00,1.720560294379074540e+00,1.091109074108803645e-02,-4.641532126966496086e-01,4.532421219555615166e-01,-9.610002012503993107e-02,-3.845302082281439882e-01,4.806302283531841413e-01,-5.350155695988856319e-02,4.086151448357303595e-01,-5.463811390087789377e-01
3.380437533760476843e+00,3.250451088565832425e+00,1.859342066326643561e+00,2.584657188404793082e-02,-3.995793449380963258e-01,3.737327730540487836e-01,-5.082709402663823650e-02,-3.257269349869144626e-01,3.765540290135527268e-01,-3.007587418876550567e-03,2.998080123394618046e-01,-4.237117265396782573e-01
3.186937995934751910e+00,3.071023506364776168e+00,1.745910615373567509e+00,1.549221383868493174e-02,-3.813288152494432870e-01,3.658366014107586328e-01,-6.629369717794486583e-02,-3.138083891878455933e-01,3.801020863657905147e-01,-1.931032339337851456e-02,3.401155945986081286e-01,-4.494883313078000264e-01
2.979278517568404006e+00,2.899207255669869365e+00,1.982815557478486257e+00,1.060952406262161141e-02,-2.637188472747489798e-01,2.531093232121274239e-01,-4.605004333180534593e-02,-2.170568891160229719e-01,2.631069324478284011e-01,-3.002624658265853896e-02,1.812791106117206119e-01,-2.697082874763340743e-01
2.596006270122505732e+00,2.575658011960014093e+00,2.266196305017097679e+00,-4.143860165927493178e-03,-8.965442860300543160e-02,9.379828876893328560e-02,-3.068390445214655426e-02,-7.629094930933433272e-02,1.069748537614808592e-01,-4.501963994279491177e-02,3.801235504236970264e-02,-7.694021955761584652e-02
2.856153618668780148e+00,2.777058951051312174e+00,1.791978180649202557e+00,3.346789644593894941e-03,-2.841094489026605441e-01,2.807626592580668712e-01,-6.528368862839067921e-02,-2.364466292607319831e-01,3.017303178891229676e-01,-5.472482019970642542e-02,2.167594110474262425e-01,-3.103800985015869873e-01
3.054567114271310668e+00,2.970543942207902965e+00,2.054624462544074603e+00,1.521497371533059306e-02,-2.632262967573725243e-01,2.480113230420421255e-01,-3.699562744862838759e-02,-2.151597097424778060e-01,2.521553371911061103e-01,-2.114957806298878307e-02,1.554742130423870383e-01,-2.477953246584612412e-01
3.021171484426834475e+00,2.911573070286390674e+00,1.620408660230642894e+00,1.123119415673412558e-02,-3.718583239655308126e-01,3.606271298087967425e-01,-7.216334931538545550e-02,-3.072650066378693756e-01,3.794283559532547478e-01,-3.462844276094190210e-02,3.251938807938606901e-01,-4.350231623263356440e-01
2.959491776234914884e+00,2.851078865754596237e+00,1.625736290916206084e+00,1.574126163907968445e-02,-3.525083418910595623e-01,3.367670802519799889e-01,-5.853002267989265706e-02,-2.896330767084262514e-01,3.481630993883190750e-01,-1.646686847557676803e-02,3.022106850949213830e-01,-4.055978972357241474e-01
2.690057029615847473e+00,2.612886274355956662e+00,1.702648123535202451e+00,7.809920168256323514e-03,-2.621590212741506942e-01,2.543491011058944262e-01,-5.108443559057651573e-02,-2.166557686538508332e-01,2.677402042444272934e-01,-2.683711256197490735e-02,2.225149020603605088e-01,-3.015839978405663313e-01
2.279232740365860543e+00,2.252743233878845786e+00,1.870589839032901658e+00,-3.545117109304662950e-03,-1.105923984557311557e-01,1.141375155650359852e-01,-3.481239225040994034e-02,-9.360275901074324723e-02,1.284151512611532153e-01,-4.264518393556604448e-02,7.103109386893520505e-02,-1.126818519715571121e-01
2.452879576782982518e+00,2.393519363811387635e+00,1.757001121286171363e+00,1.169175352583848304e-02,-1.828426290504980012e-01,1.711508755246598512e-01,-2.352024779753114636e-02,-1.490923133106928922e-01,1.726125611082242883e-01,-1.724480751417244162e-02,8.627212993242307226e-02,-1.550574426891534463e-01
2.338846336292428774e+00,2.277956401893434624e+00,1.644919043761092325e+00,1.376902373563149151e-02,-1.816771068699691571e-01,1.679080831343378044e-01,-1.919797258038377641e-02,-1.474479145556585880e-01,1.666458871360425587e-01,-3.318520058239113335e-03,1.060180684230205284e-01,-1.686571291980109022e-01
1.810055148292040172e+00,1.829246281659388407e+00,1.984851043678500737e+00,-8.261955257565650745e-03,4.428016115625582616e-02,-3.601820589869023093e-02,-4.833692152659427310e-03,3.435514521752830452e-02,-2.952145306486878007e-02,-5.064050776255026032e-02,-1.381312324561124738e-01,1.247852774152423821e-01
1.960207750346837585e+00,1.943814194477184287e+00,1.765028707714535905e+00,2.961172189820004963e-03,-5.138187698880711252e-02,4.842070479898732960e-02,-7.238617878680631001e-03,-4.200209741878466185e-02,4.924071529746555653e-02,-3.930666372472590986e-02,-8.596638510631823826e-02,4.045722536300837280e-02
1.511490695300815812e+00,1.525449951071924826e+00,1.539299658681767990e+00,-1.488175416445175481e-02,2.846958517736170036e-03,1.203479564671569579e-02,-2.813656833898152410e-02,-2.419626840847149962e-03,3.055619517982878508e-02,-7.596478100658377031e-02,-7.992204758039060664e-02,5.619514476799128411e-02
1.563400754765685630e+00,1.555648128923947215e+00,1.402736507282285938e+00,-4.705553944097329300e-03,-4.450575882277990614e-02,4.921131276687726319e-02,-2.036735179035840948e-02,-3.872614470638424677e-02,5.909349649674273952e-02,-5.240686497439343838e-02,-4.930827271517806976e-02,1.275141386140336841e-02
1.351965868010221117e+00,1.376403303942878020e+00,1.576569048671393025e+00,-1.033983721058739924e-02,5.698308410915924049e-02,-4.664324689857179962e-02,-5.653638681874489924e-03,4.430508500966180707e-02,-3.865144632778722000e-02,-5.700131614710715611e-02,-1.541846054183549364e-01,1.427040502281499146e-01
1.395823868156931269e+00,1.403798886290990700e+00,1.454637847522102234e+00,-4.668004864344821314e-03,1.431487254321606173e-02,-9.646867678871212659e-03,-5.434986603960731411e-03,1.046220110341128384e-02,-5.027214499450566310e-03,-3.650109995512418326e-02,-8.767372404299519917e-02,7.234781497705991549e-02
1.406094235005068915e+00,1.419443086071084714e+00,1.643638086507312801e+00,4.610364258654492398e-03,6.507613484288149452e-02,-6.968649910153598692e-02,2.537936823187973701e-02,5.589304261380277639e-02,-8.127241084568249951e-02,-4.613388579839200476e-03,-1.699399161993377927e-01,1.652393218950004850e-01
1.063160351931894620e+00,1.091630431155960590e+00,1.465201922187798989e+00,4.916439713615883278e-04,1.078788292479310879e-01,-1.083704732192926068e-01,2.820618038191628763e-02,9.034928209623958872e-02,-1.185554624781557792e-01,-1.403760831642224260e-03,-1.765457326569052077e-01,1.905730927123091001e-01
1.306800628043147450e+00,1.310288996360557956e+00,1.252449640937754793e+00,-9.194023632937878276e-03,-1.740794391449841660e-02,2.660196754743653080e-02,-2.222492915989415785e-02,-1.751902321862573719e-02,3.974395237851993667e-02,-4.424080672952285243e-02,-1.096266626428252927e-02,-4.486062212754424183e-03
1.562169769772195238e+00,1.569270558077499267e+00,1.560570654822051928e+00,-8.976328096226782183e-03,-3.205767137805598521e-03,1.218209523403260275e-02,-1.821499285048540362e-02,-5.575262285135870743e-03,2.379025513562126048e-02,-5.421078372667065270e-02,-6.839552864541854904e-02,4.677933009345458526e-02
1.700940252145895393e+00,1.693793420235234937e+00,1.474605868798512853e+00,-1.132459181119585545e-02,-6.414995613756194204e-02,7.547454794875779749e-02,-3.816430656217652262e-02,-5.728425259816893877e-02,9.544855916034546139e-02,-6.382596369757863319e-02,2.136335017765172983e-02,-5.413921796717166557e-02
1.743314898435041727e+00,1.716943570799108087e+00,1.355773987538398062e+00,-1.807379836142847251e-03,-1.044004793761915406e-01,1.062078592123344573e-01,-2.987867963806122018e-02,-8.786561458646262313e-02,1.177442942245238849e-01,-3.429980655937152345e-02,6.858121024814885225e-02,-1.068867650398105246e-01
1.800837513733696049e+00,1.754247331976388491e+00,1.174453287069021856e+00,2.012592588582468034e-03,-1.672164493724091205e-01,1.652038567838267635e-01,-3.834061726313954532e-02,-1.391500513923415450e-01,1.774906686554812152e-01,-3.024945200768594522e-02,1.335560044250334588e-01,-1.872267171346743697e-01
1.878774511750630261e+00,1.829931062246670681e+00,1.281764021629422601e+00,7.439252154938513772e-03,-1.576667660738703958e-01,1.502275139189318542e-01,-2.540581460768503996e-02,-1.294159085981208546e-01,1.548217232058058945e-01,-1.001839441851974655e-02,1.216786529380427390e-01,-1.709397120696566907e-01
1.635025513070073711e+00,1.603457526991791671e+00,1.173370104225686106e+00,-1.962288681513019162e-03,-1.243073282122845180e-01,1.262696168937975649e-01,-3.520801463124188790e-02,-1.045584430007929361e-01,1.397664576320349350e-01,-4.506993571424604272e-02,6.541770407995314840e-02,-1.147843465247570111e-01
1.554627215160059084e+00,1.525160311683770198e+00,1.120113488623438291e+00,-2.151873736828874284e-03,-1.170933941769484454e-01,1.192452679137774169e-01,-3.375320129585755724e-02,-9.858847247144529591e-02,1.323416737673028254e-01,-3.354654327159260763e-02,9.468699748141949646e-02,-1.335042056674220767e-01
1.644637707338846955e+00,1.588218766934601733e+00,9.663028449485453475e-01,9.599691174161678608e-03,-1.787891237895232188e-01,1.691894326153616512e-01,-2.655274864040059468e-02,-1.463781819342853674e-01,1.729309305746859482e-01,-8.330674380672711821e-03,1.342538856420354421e-01,-1.905014815459945277e-01
1.861629988515423939e+00,1.811699870695129500e+00,1.216723846967725287e+00,4.513218903887089573e-03,-1.714056850330676340e-01,1.668924661291805722e-01,-3.455019813772514103e-02,-1.418458849028872704e-01,1.763960830406123836e-01,-4.297718626356561433e-02,6.833444568071418701e-02,-1.385132092470576226e-01
2.184680712822930637e+00,2.115204833894042569e+00,1.387875335930489173e+00,1.526138426666939774e-02,-2.087814685381730873e-01,1.935200842715039116e-01,-2.315151675890542160e-02,-1.696268400073761007e-01,1.927783567662815500e-01,-7.445476771123227255e-04,1.386309082033198858e-01,-2.068844374140983433e-01
2.109840428481081442e+00,2.042059276383708877e+00,1.212324704589174962e+00,4.158030003959090060e-03,-2.392021144506518149e-01,2.350440844466927803e-01,-5.236597848585330950e-02,-1.986407795618105876e-01,2.510067580476638138e-01,-3.779004953832215685e-02,1.940774928929189236e-01,-2.695958878199685715e-01
2.301304237218056770e+00,2.231703114854501901e+00,1.424816990963971186e+00,8.300291704881584964e-03,-2.322859306190607209e-01,2.239856389141794135e-01,-4.258691603835831896e-02,-1.915225951855145103e-01,2.341095112238729681e-01,-1.546557470226968267e-02,2.083604842601042006e-01,-2.751878383972612419e-01
2.265791114904716075e+00,2.168152945397801901e+00,1.105912429519140039e+00,1.786735076356218976e-02,-3.052603795020693012e-01,2.873930287385072502e-01,-4.247151455999192970e-02,-2.494462987981548030e-01,2.919178133581468715e-01,1.409111302437274227e-03,2.635022839723157317e-01,-3.508119021208281341e-01
2.387590336053119433e+00,2.292835400157660963e+00,1.222032038534505816e+00,1.377327682609216786e-02,-3.080489378710208892e-01,2.942756610449289156e-01,-5.111439968319628213e-02,-2.530980928676929143e-01,3.042124925508893907e-01,-1.722841786522870400e-02,2.544965402050490266e-01,-3.471049280167913809e-01
2.332117011431652287e+00,2.241812789062747058e+00,1.172583097705911070e+00,8.774590079813709975e-03,-3.079813081605026204e-01,2.992067180806891047e-01,-6.078978838195364665e-02,-2.546537709142742689e-01,3.154435592962280266e-01,-2.972049444604905888e-02,2.721210675222902053e-01,-3.626487713887210917e-01
2.320162693987413149e+00,2.227706736065536486e+00,1.202502648859324452e+00,1.519140864076340414e-02,-2.947758683136728064e-01,2.795844596729095133e-01,-4.501152825445806083e-02,-2.415439251931245090e-01,2.865554534475825976e-01,-1.357622805890898454e-03,2.698259447539285705e-01,-3.513781565902813764e-01
2.478791846243319164e+00,2.383922604746000928e+00,1.316892287543089735e+00,1.424226030123676434e-02,-3.069234777671266956e-01,2.926812174658899313e-01,-4.992071957377625102e-02,-2.520059058262987817e-01,3.019266254000751437e-01,-7.129685176481437292e-03,2.806425169270800879e-01,-3.662946621727757868e-01
2.438598869341913833e+00,2.334904050643110462e+00,1.133212357555789085e+00,1.240569007400149637e-02,-3.459389277767439541e-01,3.335332377027425133e-01,-6.333811159874236374e-02,-2.852166191491130043e-01,3.485547307478554790e-01,-1.867610577867617749e-02,3.242019145536458313e-01,-4.204246458403949060e-01
2.264129522053402344e+00,2.171991315447910686e+00,1.154567443644598512e+00,1.551940183604558210e-02,-2.925045432231166975e-01,2.769851413870711432e-01,-4.380175481106926560e-02,-2.395392257972700778e-01,2.833409806083393989e-01,-3.438686961364956218e-03,2.555660092540243400e-01,-3.391794487254464752e-01
2.322816686875404546e+00,2.221686179284871443e+00,1.067141217382176377e+00,1.365565483893937948e-02,-3.322321536952710375e-01,3.185764988563317690e-01,-5.745175218261860950e-02,-2.733540970327422714e-01,3.308058492153608809e-01,-1.048412791504778341e-02,3.154385469282421361e-01,-4.061460413877622244e-01
2.379879448698011490e+00,2.279621098036392901e+00,1.127844541076189921e+00,1.289583871979180230e-02,-3.314917560072347946e-01,3.185959172874430201e-01,-5.873799577733065935e-02,-2.729801593951689531e-01,3.317181551724997512e-01,-1.476217951150439467e-02,3.091196586301061533e-01,-4.012611482953339359e-01
2.382970884899264785e+00,2.275551435243610143e+00,1.051845119214977808e+00,1.474025663220832061e-02,-3.521134226656625343e-01,3.373731660334541860e-01,-6.037120896466544040e-02,-2.896257622059166259e-01,3.499969711705821496e-01,-1.228853352062656001e-02,3.272594217489266377e-01,-4.249487851640977865e-01
2.493829429215785431e+00,2.380164343854918041e+00,1.072593513884837257e+00,1.446161928212549852e-02,-3.763445751894738955e-01,3.618829559073483693e-01,-6.703288090354175832e-02,-3.099737752798574775e-01,3.770066561833992358e-01,-1.349002316010233793e-02,3.638821936958277492e-01,-4.655100288500285677e-01
2.602783690732392685e+00,2.484530960464207183e+00,1.188581916291922447e+00,2.079699136620735689e-02,-3.724996118739428708e-01,3.517026205077356527e-01,-5.377723546847740232e-02,-3.047159048341351317e-01,3.584931403026129226e-01,5.085266214154560149e-04,3.294236256084057679e-01,-4.345291698080599452e-01
2.645394125673617758e+00,2.536071946411358802e+00,1.278380148246717196e+00,1.390187870243608792e-02,-3.619890350540951873e-01,3.480871563516595435e-01,-6.449165293544389943e-02,-2.981525421894389849e-01,3.626441951248829954e-01,-1.491880356201159830e-02,3.436664923909276137e-01,-4.429182397459633935e-01
2.631697312070884198e+00,2.520613539125820868e+00,1.275230771664128682e+00,1.703539015519728306e-02,-3.581933460048097317e-01,3.411579558496126707e-01,-5.745687601371041175e-02,-2.939685582084999860e-01,3.514254342222102867e-01,-5.909900049610589123e-03,3.306077282965715902e-01,-4.296630389169111552e-01
2.507896280391181953e+00,2.406877892775411532e+00,1.238689073152364983e+00,1.230756962444651270e-02,-3.362750709133174309e-01,3.239675012888710293e-01,-6.108703646429577971e-02,-2.771689220879740567e-01,3.382559585522697532e-01,-2.490625153256825763e-02,2.898648809144928062e-01,-3.892678764781480893e-01
2.386149945793795357e+00,2.277995316723469443e+00,1.039905460314822339e+00,1.430448268842660076e-02,-3.562993003526705449e-01,3.419948176642441107e-01,-6.227363341068678504e-02,-2.932658611325597020e-01,3.555394945432466258e-01,-1.327409751056733700e-02,3.355919563479083378e-01,-4.336519716793416634e-01
2.522469113768126991e+00,2.404960060870034333e+00,1.075886788852487452e+00,1.697973000623284601e-02,-3.823570189992843704e-01,3.653772889930516077e-01,-6.366914725454358992e-02,-3.141882393816383123e-01,3.778573866361818467e-01,-1.078362021230397372e-02,3.523387829379324154e-01,-4.587221140914996553e-01
2.536272505745888139e+00,2.413012459844781077e+00,1.051877451729458679e+00,2.075676595791536849e-02,-3.913202902350516599e-01,3.705635242771364024e-01,-5.860980508643692799e-02,-3.204636656620564739e-01,3.790734707484935129e-01,4.835019414343305622e-04,3.587924861758287620e-01,-4.666642164853613828e-01
2.547902358752407892e+00,2.429496692290223248e+00,1.081455728954105577e+00,1.632092431437667801e-02,-3.878834786412343472e-01,3.715625543268578634e-01,-6.634269556545988045e-02,-3.190210487721826249e-01,3.853637443376427552e-01,-7.844909390593582388e-03,3.783578644767299215e-01,-4.817173108406317406e-01
2.626252417361720770e+00,2.503403714019309501e+00,1.110980080812283166e+00,1.748720120873148431e-02,-4.006054400081680011e-01,3.831182387994366834e-01,-6.729516447898245546e-02,-3.292809240097528400e-01,3.965760884887353788e-01,-7.167961730564650913e-03,3.864028951475484974e-01,-4.939162289467759481e-01
2.624425893382176689e+00,2.504711035428280663e+00,1.122834303392966637e+00,1.481055946861889461e-02,-3.977678508519878475e-01,3.829572913833690362e-01,-7.176833781086805475e-02,-3.277718872331790712e-01,3.995402250440471814e-01,-1.645303475179016317e-02,3.829362322044476130e-01,-4.909424187204580181e-01
2.669161762724864495e+00,2.542905469837109855e+00,1.166871072739339876e+00,2.288577421799364853e-02,-3.954566939929162750e-01,3.725709197749224599e-01,-5.552660820525318064e-02,-3.232351871557058720e-01,3.787617953609592192e-01,-2.359442635098407681e-05,3.383240243733318664e-01,-4.522593149505950705e-01
2.483057627309392501e+00,2.382608954538099955e+00,1.288488012094740176e+00,1.826519554526720435e-02,-3.144326925306127896e-01,2.961674969853456685e-01,-4.401724678970142524e-02,-2.569863772915560451e-01,3.010036240812574704e-01,-3.076102706106448315e-03,2.580792431914029073e-01,-3.512235066956545526e-01
2.358452424299035677e+00,2.262841878764615622e+00,1.161404726668112231e+00,1.202514993069772609e-02,-3.170273695450004370e-01,3.050022196143027386e-01,-5.677220033961874468e-02,-2.611682163912418808e-01,3.179404167308607088e-01,-2.871614511929659885e-02,2.509600196701198271e-01,-3.497670330769260261e-01
2.430026219666342691e+00,2.330272897742555749e+00,1.173733488983361273e+00,1.188728099991767651e-02,-3.329446851024893128e-01,3.210574041025719416e-01,-6.106063933950239830e-02,-2.745201507691993892e-01,3.355807901087018430e-01,-1.752081081516956851e-02,3.141453913846476431e-01,-4.062747708686746950e-01
2.686053758855213136e+00,2.576140537119824714e+00,1.302782500078425887e+00,1.318510374587666956e-02,-3.665669314062758311e-01,3.533818276603992725e-01,-6.703797315668036383e-02,-3.022110141365983438e-01,3.692489872932786521e-01,-1.682613468999048789e-02,3.528726969026404481e-01,-4.526095644332011614e-01
2.701536901227376219e+00,2.579370705855028589e+00,1.201893975881762389e+00,1.803411243852845458e-02,-3.962483369745389838e-01,3.782142245360110011e-01,-6.513398859992799994e-02,-3.254618293825326525e-01,3.905958179824606802e-01,-7.367135040445851879e-03,3.725726514395761857e-01,-4.808791476534050036e-01
2.742640805060858167e+00,2.617681677454185785e+00,1.192554489930979456e+00,1.700314558666657372e-02,-4.100835847847895677e-01,3.930804391981230772e-01,-7.062816584989392577e-02,-3.373611272425712793e-01,4.079892930924652883e-01,-8.441972388578716791e-03,4.024993712827237280e-01,-5.112936885847509938e-01
2.752961109580792431e+00,2.621286019946623469e+00,1.152122760705624582e+00,2.082492727067730698e-02,-4.225000878729080478e-01,4.016751606022310739e-01,-6.635443395230383734e-02,-3.465091519910117324e-01,4.128635859433156252e-01,-2.436220120873619499e-03,3.963289251524390044e-01,-5.113533643739961443e-01
2.704717842712235587e+00,2.572984688774867301e+00,1.090002126070171773e+00,1.965768375182311289e-02,-4.265796637606903419e-01,4.069219800088674788e-01,-6.964832635439985320e-02,-3.502962984543062652e-01,4.199446248087064792e-01,-3.233545933206197209e-03,4.137645964036835156e-01,-5.272639947039260422e-01
2.866238466587506473e+00,2.728074389918088372e+00,1.214345696226739824e+00,2.433734003671067514e-02,-4.350933345881812797e-01,4.107559945514706601e-01,-6.272521947234657724e-02,-3.559047212810997340e-01,4.186299407534465056e-01,4.634776282987085327e-04,3.838072544718381662e-01,-5.067846704326479657e-01
2.881055707765320495e+00,2.749283267665465935e+00,1.286268805162934070e+00,2.148652627931429970e-02,-4.206739082854212275e-01,3.991873820061070943e-01,-6.461025234652567617e-02,-3.447690134025087616e-01,4.093792657490344378e-01,-5.716979539148125955e-03,3.748418125662102973e-01,-4.937229649676028176e-01
2.954022217085686464e+00,2.817338103216726175e+00,1.272256042871880322e+00,1.982805643597401746e-02,-4.444930662272494892e-01,4.246650097912755273e-01,-7.384334492501021252e-02,-3.652176190064440053e-01,4.390609639314544399e-01,-9.707700399639529465e-03,4.179052002346231864e-01,-5.395757006279032764e-01
2.899852288205567508e+00,2.774728367800409767e+00,1.360017102439579517e+00,1.812374456374282738e-02,-4.069900884201060887e-01,3.888663438563633723e-01,-6.767382566330745752e-02,-3.344134241241916161e-01,4.020872497874991014e-01,-1.118078637503600037e-02,3.754305667624519005e-01,-4.885535553843668444e-01
2.938769196564302355e+00,2.794227900979589396e+00,1.144622328243060094e+00,1.956508481482477357e-02,-4.746867461609264316e-01,4.551216613461015470e-01,-8.198092397037140544e-02,-3.905454740768776190e-01,4.725263980472492742e-01,-1.171824403968876882e-02,4.608452761193048697e-01,-5.880243507837832340e-01
2.997742587115285406e+00,2.854145944782203514e+00,1.231666193023407185e+00,2.089707380492317190e-02,-4.667531664322428497e-01,4.458560926273197333e-01,-7.739397202176415136e-02,-3.834831019735691626e-01,4.608770739953333417e-01,-6.661783462505455056e-03,4.496243505550046593e-01,-5.748061279531331280e-01
3.098675717410610986e+00,2.957806414393950867e+00,1.342693502020469776e+00,1.840579318259588648e-02,-4.648192443079124381e-01,4.464134511253167181e-01,-8.173601821565507075e-02,-3.826697801943730326e-01,4.644057984100281589e-01,-1.414481820815829960e-02,4.513222120281897287e-01,-5.761631437240545273e-01
3.109767665810216464e+00,2.960439768661540683e+00,1.273545159196351584e+00,2.176165379174621606e-02,-4.852812586558247765e-01,4.635196048640787270e-01,-8.039820579976270087e-02,-3.986944243722713166e-01,4.790926301720339620e-01,-8.547599634977171013e-03,4.616924712222012506e-01,-5.931943436697862948e-01
3.271010176850949858e+00,3.140305015648779730e+00,1.625367890630563750e+00,1.561659359824041360e-02,-4.361167307486635836e-01,4.205001371504233365e-01,-7.989331716697883889e-02,-3.595730079024122006e-01,4.394663250693912615e-01,-2.006697224304115901e-02,4.204932470358808128e-01,-5.390251348913099871e-01
3.343519475301105714e+00,3.183736577873194307e+00,1.354875136341890496e+00,2.115408224156212214e-02,-5.263105488334682835e-01,5.051564665919067165e-01,-9.194131067480956765e-02,-4.331923958485446868e-01,5.251337065233544488e-01,-1.584362263203994980e-02,5.078954584471041533e-01,-6.498590651291713538e-01
3.342758191749578334e+00,3.183691027903072790e+00,1.367436065190774430e+00,2.145358956276099960e-02,-5.226482048917061585e-01,5.011946153289453809e-01,-9.043536542769017861e-02,-4.300339404724156100e-01,5.204693059001059829e-01,-1.475993894254637451e-02,5.023039494492946844e-01,-6.435764893640396611e-01
3.347574579953920271e+00,3.189793804731280602e+00,1.424593564831262871e+00,2.452821984199948790e-02,-5.076721524324128154e-01,4.831439325904134385e-01,-8.069032091091360437e-02,-4.165217477783602074e-01,4.972120686892739228e-01,-4.408766334832669997e-03,4.771698008641183097e-01,-6.153685981312598807e-01
3.080856387062831381e+00,2.964427602656243721e+00,1.721401642459791992e+00,2.341777930194194335e-02,-3.570193148317286624e-01,3.336015355297871077e-01,-4.478480832788109267e-02,-2.909285220134664174e-01,3.357133303413475933e-01,-2.348275861161652767e-03,2.651657514965575224e-01,-3.763749555235539335e-01
3.008287670402996383e+00,2.892996984976211827e+00,1.649621652078048895e+00,2.207241108614016456e-02,-3.572242346370705368e-01,3.351518235509305388e-01,-4.744525054383058604e-02,-2.915337622000763185e-01,3.389790127439069600e-01,-2.928939951280851162e-03,2.794579359512076033e-01,-3.879657289796833441e-01
2.859956258113083294e+00,2.750354910683497245e+00,1.414360645082469947e+00,7.230540030566168230e-03,-3.851090402225239573e-01,3.778785001919579001e-01,-8.326809486298586416e-02,-3.196334232010837328e-01,4.029015180640695970e-01,-5.113630584854825245e-02,3.382396515237436341e-01,-4.535033616818203717e-01
3.186108147927277479e+00,3.044906721890031420e+00,1.505427484165917651e+00,2.554462316090705398e-02,-4.424334926780846833e-01,4.168888695171776293e-01,-6.223859951238583377e-02,-3.616519831698302156e-01,4.238905826822160217e-01,1.533733555006688842e-04,3.798153318292581959e-01,-5.070029733926334492e-01
3.165456866251464607e+00,3.012939103297576970e+00,1.314790193601849344e+00,2.443980000166601219e-02,-4.883229399593793651e-01,4.638831399577132975e-01,-7.597367405755670045e-02,-4.003736045391334541e-01,4.763472785966904599e-01,-5.898540843954080959e-04,4.610629171630407086e-01,-5.931442681198868527e-01
3.088144252588991279e+00,2.943378942195348458e+00,1.293422567722452676e+00,1.979242248798035453e-02,-4.747704292691727335e-01,4.549780067811927675e-01,-8.156125574898612229e-02,-3.905421133857597815e-01,4.721033691347459316e-01,-1.055370387705031887e-02,4.621415749351704960e-01,-5.889610681295485151e-01
3.155305065897140437e+00,3.015286281517655098e+00,1.487566712887486098e+00,2.522935748097465680e-02,-4.390631545048087059e-01,4.138337970238341046e-01,-6.199846951438978127e-02,-3.589359372962838135e-01,4.209344068106738446e-01,-2.565861095110699708e-05,3.777593917575454707e-01,-5.038314307242819368e-01
3.045586336682142736e+00,2.901050988617964066e+00,1.250334230297407867e+00,1.945897011636799068e-02,-4.750157258094458435e-01,4.555567556930779638e-01,-8.226978925408853782e-02,-3.908547383124942876e-01,4.731245275665829642e-01,-1.442188493589260934e-02,4.536583084961177681e-01,-5.827499393273259942e-01
3.160729801105953030e+00,3.005833550182670955e+00,1.264820337568299813e+00,2.335775622339603119e-02,-5.007804947512557447e-01,4.774227385278600466e-01,-8.121885008232573866e-02,-4.111375735691839561e-01,4.923564236515099446e-01,-4.131280274835447130e-03,4.813091888200164981e-01,-6.154781950002400359e-01
3.054695435521306290e+00,2.919408977536923189e+00,1.440907958497769759e+00,2.416096118327831777e-02,-4.249376238182888676e-01,4.007766626350107719e-01,-6.050163314246978508e-02,-3.474710566303571002e-01,4.079726897728268575e-01,-2.145600229680300064e-03,3.616213149666879789e-01,-4.846877543076533179e-01
2.942961483097242148e+00,2.808460695238411464e+00,1.264941429737073131e+00,1.744655192203770078e-02,-4.442261362306850758e-01,4.267795843086477636e-01,-7.839365855955535145e-02,-3.657625587109010201e-01,4.441562172704565103e-01,-1.989970523381656697e-02,4.119072610711381199e-01,-5.358670012396781202e-01
2.963758681043997534e+00,2.832359123238268772e+00,1.396150178880740444e+00,2.345013120675226714e-02,-4.127839363573092557e-01,3.893338051505570441e-01,-5.880961097940895499e-02,-3.375393848935185348e-01,3.963489958729275453e-01,3.603389000732537539e-04,3.596025899953404492e-01,-4.771906787086775958e-01
2.885408639564958300e+00,2.749800140279712757e+00,1.206578607737208930e+00,1.875221933778076222e-02,-4.440391944026403359e-01,4.252869750648596292e-01,-7.581473803924468347e-02,-3.651851534218292228e-01,4.409998914610739895e-01,-1.474520614379995487e-02,4.132485580083060106e-01,-5.362417235894647582e-01
2.973314927240971350e+00,2.848417372115691126e+00,1.377090822429063888e+00,1.280568721507918672e-02,-4.237448664104642160e-01,4.109391791953850848e-01,-8.221823466263175617e-02,-3.501362667020115338e-01,4.323545013646434843e-01,-3.050666823424069696e-02,4.001131143336339457e-01,-5.182830967463495364e-01
3.078662326916025371e+00,2.931786492440665359e+00,1.257870089075253883e+00,2.008942231727672834e-02,-4.816641208178698008e-01,4.615746985005934055e-01,-8.272689017383075272e-02,-3.962097049603036658e-01,4.789365951341345018e-01,-1.068247188483326116e-02,4.688192880663171191e-01,-5.974838373409698811e-01
3.181509929091768552e+00,3.025333385613126591e+00,1.270516118775078196e+00,2.360318233251695874e-02,-5.047463981866231464e-01,4.811432158541060211e-01,-8.174485391569791259e-02,-4.143740594017530920e-01,4.961189133174513932e-01,-6.509949926908925599e-03,4.766429017482338715e-01,-6.138521137591765875e-01
3.235151675679356575e+00,3.075537275854229868e+00,1.270978089531742850e+00,2.313010785473051945e-02,-5.191422459270014222e-01,4.960121380722710138e-01,-8.629889712805041690e-02,-4.265621034527734556e-01,5.128610005808240668e-01,-5.862482281125735994e-03,5.065398540705705610e-01,-6.442960545042988318e-01
3.214475095163710439e+00,3.062089847819996713e+00,1.337545599085411485e+00,2.192924756211839243e-02,-4.961368099161109768e-01,4.742075623539928064e-01,-8.281562358974178806e-02,-4.077160151374376040e-01,4.905316387271795309e-01,-1.010450163098070009e-02,4.712728015700085038e-01,-6.060282529203943058e-01
3.195126559376659792e+00,3.034642762915411129e+00,1.223574456806962640e+00,2.355262948849684568e-02,-5.209885847951973847e-01,4.974359553067005946e-01,-8.594605719687536949e-02,-4.279694361317077922e-01,5.139154933285833282e-01,-7.724768552169719582e-03,4.982264494582401282e-01,-6.387184412877700002e-01
3.227905223606959417e+00,3.069258034175500249e+00,1.321980001510455915e+00,2.712941578044841817e-02,-5.022972536405664323e-01,4.751678378601181807e-01,-7.428875816942220878e-02,-4.111891726580870765e-01,4.854779308275093408e-01,-4.482028854516095784e-04,4.512631237451841804e-01,-5.917139961363591105e-01
3.204266631369366181e+00,3.046159200888141072e+00,1.238896724550773376e+00,2.114856141654042343e-02,-5.200758916863017500e-01,4.989273302697616042e-01,-9.037698580547814942e-02,-4.279817712513238614e-01,5.183587570568021219e-01,-1.745215150753098854e-02,4.930385487331462868e-01,-6.353055033971078958e-01
3.325617124495364507e+00,3.170086929408333809e+00,1.431022098246206520e+00,2.426379430280500848e-02,-5.001479631839487183e-01,4.758841688811437098e-01,-7.930224537512681193e-02,-4.103165305434242072e-01,4.896187759185513522e-01,-1.267586144539833981e-02,4.413511611907746102e-01,-5.842522892757858743e-01
3.201247229916999615e+00,3.057276431422436325e+00,1.375545727551779951e+00,1.603703053630745057e-02,-4.842333686631054013e-01,4.681963381267981172e-01,-9.123355012461178970e-02,-3.996647035926800262e-01,4.908982537172919547e-01,-3.237190146598684093e-02,4.488833692616617244e-01,-5.852988353420085499e-01
3.369503347084412237e+00,3.207900626976874836e+00,1.403024844999739784e+00,2.539774517197040948e-02,-5.190582368633060995e-01,4.936604916913356345e-01,-8.188071649209946457e-02,-4.257604910612554638e-01,5.076412075533551782e-01,-2.706793983343891430e-03,4.900570728357134809e-01,-6.307036500332781070e-01
3.320336512983465216e+00,3.154282476440309679e+00,1.274393304788597359e+00,2.383775692839984472e-02,-5.408334027346007877e-01,5.169956458062009430e-01,-9.040648951768129327e-02,-4.444684801612615033e-01,5.348749696789431018e-01,-7.004657713122780516e-03,5.277933037662184690e-01,-6.713940187832496687e-01
3.361166858616380537e+00,3.193410283502729818e+00,1.312343822066380561e+00,2.569852785001192075e-02,-5.410293258899510072e-01,5.153307980399394195e-01,-8.684794230946321636e-02,-4.440321275278590329e-01,5.308800698373223881e-01,-2.985404667164626158e-03,5.194073661615442594e-01,-6.643017936062143303e-01
3.378743648773514074e+00,3.211904169449377733e+00,1.299594256206333398e+00,2.184900428799241290e-02,-5.503462952292292876e-01,5.284972909412372077e-01,-9.666588258151045943e-02,-4.530630414691999008e-01,5.497289240507106101e-01,-1.856143617986469319e-02,5.276946179319033092e-01,-6.770587504933580636e-01
3.469959324951656932e+00,3.294282948611381823e+00,1.328549527556777798e+00,2.728137877181563420e-02,-5.653481379085956160e-01,5.380667591367803704e-01,-8.992232599634292223e-02,-4.638530441563314954e-01,5.537753701526747507e-01,-2.176113880465707640e-03,5.408221992494937069e-01,-6.925047580972437666e-01
3.447016511799723570e+00,3.276780259242604298e+00,1.333714713021896037e+00,2.302427782917992882e-02,-5.591337739938226914e-01,5.361094961646430956e-01,-9.660695860293533332e-02,-4.600306412660845612e-01,5.566375998690200610e-01,-1.295056354697385337e-02,5.459041387772820553e-01,-6.949911106995659837e-01
3.467551408278071179e+00,3.295487463862563970e+00,1.383456515402146314e+00,2.790661307115033241e-02,-5.497972073630343903e-01,5.218905942918843355e-01,-8.478144157698316863e-02,-4.506502320457133615e-01,5.354316736226966134e-01,-3.628974421960695640e-03,5.046834258667804995e-01,-6.566347676287206392e-01
3.341111248311850801e+00,3.178576756930791447e+00,1.349508580374967570e+00,2.431288443304052693e-02,-5.261258938946695718e-01,5.018130094616293224e-01,-8.576973211727489943e-02,-4.320192136817029294e-01,5.177889457989779398e-01,-4.742775603953003349e-03,5.070204621955362034e-01,-6.477569225585396717e-01
3.367805620987429194e+00,3.197361890995944922e+00,1.265888204610194911e+00,2.429919529485952134e-02,-5.556888770865970884e-01,5.313896817917375115e-01,-9.326462171362032150e-02,-4.567393821142076149e-01,5.500040038278281029e-01,-8.620538151422080242e-03,5.398643465961964205e-01,-6.880646953641047503e-01
3.380279580724709021e+00,3.210860620480196381e+00,1.301733235147570555e+00,2.511178422331911131e-02,-5.491752016500334177e-01,5.240634174267141399e-01,-9.004349177772910662e-02,-4.510316241296612461e-01,5.410751159073903249e-01,-5.714758007984932497e-03,5.298498409311874768e-01,-6.767189276758074357e-01
3.396539496951450410e+00,3.226993384551984256e+00,1.280179162753319888e+00,2.189255441964721438e-02,-5.603034625312171002e-01,5.384109081115701079e-01,-9.909686730768949015e-02,-4.613735574476380275e-01,5.604704247553277119e-01,-1.813709752868852831e-02,5.439143507292361068e-01,-6.945533170262441214e-01
3.377288516803886420e+00,3.209820215627846363e+00,1.312889713757891430e+00,2.394873883809250925e-02,-5.457442265484366839e-01,5.217954877103441191e-01,-9.143189162920750679e-02,-4.485383166562242341e-01,5.399702082854319629e-01,-1.242134022123075887e-02,5.161165532599891748e-01,-6.649574134110262102e-01
3.453060250239611939e+00,3.285109265289734459e+00,1.416872516899378098e+00,2.706891674250117008e-02,-5.372197067998576436e-01,5.101507900573569732e-01,-8.322834802791520548e-02,-4.404051548110772263e-01,5.236335028389926816e-01,-3.438609836654837881e-03,4.958482244182165211e-01,-6.437674901710903619e-01
3.525337954923828399e+00,3.347956558898871116e+00,1.341357664091819446e+00,2.560020902290366385e-02,-5.772750229769961772e-01,5.516748139540925688e-01,-9.619514928394232167e-02,-4.743665887717191665e-01,5.705617380556616824e-01,-6.541277631545688864e-03,5.646053002351818506e-01,-7.175205406394610241e-01
3.523968349891575258e+00,3.344516666924542747e+00,1.301046746561024703e+00,2.469758329553045639e-02,-5.879885895851475475e-01,5.632910062896175907e-01,-1.006518581107612720e-01,-4.836146513901662947e-01,5.842665095009276222e-01,-1.117877615419565762e-02,5.764189838408819710e-01,-7.324405936538190831e-01
3.599751031058429085e+00,3.415235689540545572e+00,1.330420203159434767e+00,2.685175554202651194e-02,-5.997574006170274252e-01,5.729056450750011908e-01,-9.944800444598317357e-02,-4.927590330850289968e-01,5.922070375310121149e-01,-4.764142930623382899e-03,5.903107959733835397e-01,-7.481953551883304687e-01
3.617598171343613167e+00,3.434082157633911780e+00,1.338368630617357002e+00,2.472445745478435430e-02,-6.030679410439789834e-01,5.783434835891950732e-01,-1.044091689838577142e-01,-4.962128822768819281e-01,6.006220512607397533e-01,-1.544338314521701006e-02,5.852042947878760559e-01,-7.469013689806189848e-01
3.646924780292946089e+00,3.464319397504701747e+00,1.397818007568136789e+00,2.628207428610307428e-02,-5.945146413594138979e-01,5.682325670733110456e-01,-9.922816704111991903e-02,-4.885596298332299803e-01,5.877877968743502324e-01,-8.399816405430859945e-03,5.769391142244426618e-01,-7.355258130115625015e-01
3.682173887834390147e+00,3.491794845479134324e+00,1.354917825954277788e+00,2.897262546830409180e-02,-6.146222208447970070e-01,5.856495953764930817e-01,-9.909085319315524831e-02,-5.045025345454896559e-01,6.035933877386450153e-01,-3.894918854606549408e-03,5.910107796681313141e-01,-7.554833334163003622e-01
3.718882097048814117e+00,3.531757716464027475e+00,1.449347641206840898e+00,3.007925701327107681e-02,-5.988133701294624522e-01,5.687341131161912644e-01,-9.295138052120188732e-02,-4.909288272443318446e-01,5.838802077655338429e-01,-3.900753771487380783e-03,5.535749847695353720e-01,-7.182859839499493582e-01
3.711523897553280271e+00,3.526431774925087304e+00,1.412020683124026288e+00,2.487439214336517601e-02,-6.084538655862191669e-01,5.835794734428539909e-01,-1.054790637850206991e-01,-5.006673572663461469e-01,6.061464210513669570e-01,-1.495986178135635947e-02,5.933248421747147061e-01,-7.558121861120813412e-01
3.729740051195286732e+00,3.538178359643900706e+00,1.369058156551132388e+00,2.745838613231271763e-02,-6.240471530212857720e-01,5.965887668889732209e-01,-1.044079420881643405e-01,-5.128705136864014635e-01,6.172784557745659706e-01,-8.810831193562074226e-03,6.071465921487279038e-01,-7.733000790088603305e-01
3.718871325349338175e+00,3.529039909206820980e+00,1.386304920659271245e+00,2.781706849598436504e-02,-6.164026534837482307e-01,5.885855849877639212e-01,-1.017812644523375387e-01,-5.063637425109855927e-01,6.081450069633231870e-01,-5.532724260607302380e-03,6.019871032538319788e-01,-7.652723710625279896e-01
3.751470243073103283e+00,3.555428447824741767e+00,1.351462295626634447e+00,2.951924964244700966e-02,-6.339469037220815117e-01,6.044276540796341690e-01,-1.029128432183579744e-01,-5.204823861684068076e-01,6.233952293867651706e-01,-2.464028322164302232e-03,6.190389577463842885e-01,-7.866052154163711840e-01
3.763037440271487011e+00,3.567075449037640400e+00,1.364215191603896926e+00,2.952587444026427699e-02,-6.336271469722365435e-01,6.041012725319724330e-01,-1.028192191850544890e-01,-5.202129209486878736e-01,6.230321401337426401e-01,-4.354767810943682704e-03,6.122111588786847136e-01,-7.812233545792882650e-01
3.774401710082879724e+00,3.586143056147940378e+00,1.476405657676911343e+00,2.894822499921062553e-02,-6.067895744670839253e-01,5.778413494678735773e-01,-9.715944412578125799e-02,-4.979620207512682750e-01,5.951214648770496440e-01,-3.361335906963996978e-03,5.810058142549233695e-01,-7.438206074377509136e-01
3.715871635574558240e+00,3.527282384263902948e+00,1.367805265012725702e+00,2.488739329534089828e-02,-6.214623014834296244e-01,5.965749081880887816e-01,-1.087401095940782048e-01,-5.115387001736466654e-01,6.202788097677252033e-01,-1.806533160759701828e-02,6.029217584226691518e-01,-7.698325767155298482e-01
